MXPM2.5,MXPRS,MXRAINF,MXRH,MXSR,MXTOUT,MXWSR,MXWDV,MNPRS,MNRH,MNSR,MNTOUT,MNWSR,MNWDV,AVPRS,AVRAINF,AVRH,AVSR,AVTOUT,AVWSR,AVWDV,Month,DayWeek,Day,Class
80,726.1,0.02,96,0.175,7.43,8.4,358,720.6,93,0,3.78,2.8,2,722.8708333,0.002916667,95.08333333,0.041208333,5.2675,5.295833333,170.9583333,1,5,1,1
52,722.1,0.01,96,0.169,7.53,5.9,354,717.9,87,0,4.19,1.7,1,720.1208333,0.000833333,93.79166667,0.035208333,5.795,3.645833333,60.58333333,1,6,2,1
133,723.2,0,96,0.362,14.63,5.9,356,718.1,73,0,5.84,1.1,3,719.9583333,0,90.08333333,0.054409091,8.403333333,2.829166667,167.25,1,7,3,1
118,732.6,0.01,94,0.435,17.36,12.7,352,723.5,46,0,6.84,1.4,3,728.4166667,0.000416667,70.91666667,0.118181818,11.89791667,5.958333333,178.0833333,1,1,4,1
55,734.2,0,80,0.463,12.89,13.3,119,729.8,62,0,6.87,3.3,51,732.0333333,0,72.20833333,0.090583333,9.695,7.304166667,99.375,1,2,5,1
105,730.2,0,85,0.53,17.27,8.2,327,726.7,58,0,7.5,2.4,18,728.3041667,0,73.625,0.106041667,12.16416667,4.366666667,96.20833333,1,3,6,1
49,734.8,0.02,94,0.455,17.9,13.9,360,727,71,0,7.98,0.9,0,729.8041667,0.0025,85.66666667,0.1028,12.4475,6.233333333,220.5416667,1,4,7,1
52,734.8,0,88,0.164,7.49,11.1,358,725.6,69,0,3.66,1.5,0,730.5041667,0,79.08333333,0.040909091,4.692083333,7.1625,142.1666667,1,5,8,1
40,730,0.07,93,0.076,7.44,9.5,359,723.6,85,0,4.17,1.9,281,726.8,0.003333333,88.16666667,0.020291667,5.662916667,5.6125,327.7083333,1,6,9,0
18,729.7,0.05,94,0.126,4.91,7.4,359,725.3,91,0,2.86,1.8,1,727.2583333,0.007083333,93.29166667,0.025625,3.841666667,5.258333333,222.0833333,1,7,10,0
66,725,0.01,95,0.584,16.44,9.3,356,721.2,65,0,3.04,0.9,6,723.4458333,0.000416667,84.25,0.184444444,9.185,3.779166667,141,1,1,11,1
102,726.2,0,94,0.538,19.69,11.1,349,722.2,56,0.007,6.95,1.8,51,723.7708333,0,77.25,0.322,13.49625,6.191666667,171,1,2,12,1
27,729.1,0.05,95,0.002,11.25,9.8,359,725.8,90,0,5.44,4.7,19,727.1565217,0.01,93.08695652,0.0005,6.746086957,7.191304348,211.8695652,1,3,13,0
21,726.8,0.02,95,0.089,6.25,8,359,723.7,93,0,4.98,2.8,2,725.3708333,0.005416667,94.41666667,0.0265,5.528333333,5.170833333,138.3333333,1,4,14,0
31,729.1,0.01,94,0.452,12.17,10,359,725.2,63,0,4.56,1.6,6,727.2083333,0.000833333,78.95833333,0.083916667,8.1825,6.5875,255.625,1,5,15,0
43,728.9,0,89,0.539,18.48,8.7,350,724.6,47,0,6.08,0.9,1,726.7708333,0,70.25,0.1986875,11.8475,3.383333333,150.2916667,1,6,16,1
121,726.3,0,86,0.555,24.93,6,314,720.6,41,0,8.42,0.9,6,722.9625,0,66.25,0.187176471,16.33791667,3.020833333,131.2083333,1,7,17,1
98,729.5,0,72,0.434,20.48,9.4,344,725.1,31,0,14.58,3.3,0,726.9041667,0,45.66666667,0.089625,16.69125,5.333333333,201.625,1,1,18,1
67,724.7,0,69,0.604,27.66,9.3,358,718.5,35,0,12.59,1,35,721.5,0,55.16666667,0.108541667,18.12041667,3.820833333,184.0416667,1,2,19,1
90,720,0,81,0.596,29.12,10.6,355,716.6,32,0,13.56,1.7,10,718.5,0,56.16666667,0.155125,21.59708333,5.079166667,176.3333333,1,3,20,1
55,719.2,0,84,0.553,21.92,12.2,339,716.1,66,0,15.16,1.9,4,717.8208333,0,75.5,0.116833333,18.36625,6.0875,162,1,4,21,1
34,723.8,0.01,95,0.161,17.31,14.4,360,716.9,79,0,6.99,5.1,0,719.6125,0.000416667,88.04166667,0.040375,13.15708333,10.20833333,233.4583333,1,5,22,0
24,727.4,0,89,0.467,13.02,15.6,359,723.7,58,0,6.4,2.7,2,725.3958333,0,70.875,0.097125,8.912916667,11.10416667,252.875,1,6,23,0
83,728.2,0,83,0.42,15.25,6,357,723.5,45,0,4.8,1.5,25,725.8666667,0,66.66666667,0.098208333,10.28666667,4.108333333,184.25,1,7,24,1
79,726.1,0,77,0.563,23.19,9.4,352,721.9,23,0,8.77,0.9,4,723.3291667,0,50.5,0.097,14.69208333,3.545833333,238.2083333,1,1,25,1
47,727.6,0,59,0.507,20.77,10.1,352,724.3,29,0,12.41,0.9,6,725.8291667,0,41.16666667,0.115916667,16.99083333,4.945833333,171.5,1,2,26,1
64,725.5,0,60,0.607,26.37,11.4,359,722.9,23,0,13.39,1.6,3,724.325,0,42.16666667,0.158541667,19.47166667,4.541666667,214.125,1,3,27,1
56,723.8,0,63,0.54,24.57,13.1,354,721.4,34,0,14.07,1.4,11,722.575,0,49.125,0.133541667,19.25791667,5.0625,182.0833333,1,4,28,1
61,726.1,0,78,0.603,24.86,10,348,721.9,43,0,13.13,1,3,723.2166667,0,62.25,0.161791667,18.86833333,5.45,171.0416667,1,5,29,1
38,726.9,0.01,95,0.342,18.99,16.9,111,722.4,78,0,15.39,4.5,38,724.85,0.000833333,88.54166667,0.044375,16.58666667,9.616666667,86.375,1,6,30,0
60,721.8,0.13,96,0.158,17.77,13.9,309,718,80,0,14.39,1.2,10,719.4458333,0.007083333,91.95833333,0.03375,15.47083333,5.675,108,1,7,31,1
56,722.7,0.01,95,0.277,24.59,8.3,357,716.9,55,0,13.84,1.4,27,718.55,0.001666667,82.45833333,0.07475,17.81875,3.883333333,265.5416667,2,1,1,1
27,728.7,0.07,92,0.486,15.67,17.3,359,723.1,70,0,5.43,1.9,3,726.1625,0.015833333,84.33333333,0.080529412,8.5125,7.15,218.75,2,2,2,0
46,726.1,0.09,95,0.276,8.08,7.5,323,723,89,0,4.97,1,1,724.325,0.012916667,93.375,0.031,6.585,4.416666667,79.25,2,3,3,1
60,723.3,0,96,0.638,22.46,10.3,333,719.2,53,0,7.48,0.9,23,721.4291667,0,80.83333333,0.219105263,14.2675,4.925,141.9583333,2,4,4,1
63,728.6,0,94,0.301,13.83,10.3,359,722.9,77,0,9.93,0.9,5,726.4416667,0,88.375,0.089461538,11.61,6.3875,184.4166667,2,5,5,1
33,729,0,94,0.148,12.4,8.3,129,726,82,0,9.24,4.1,43,727.4208333,0,88.79166667,0.035666667,10.69,5.983333333,104.1666667,2,6,6,0
123,725.6,0,87,0.632,22.8,10.4,344,719.6,49,0,10.49,1.8,15,722.4043478,0,74.30434783,0.17526087,15.53695652,4.830434783,138.3478261,2,7,7,1
107,720.2,0,89,0.681,31.75,13.3,357,715.7,12,0,12.21,0.9,13,718.1583333,0,51.25,0.187041667,21.53083333,4.666666667,244.7083333,2,1,8,1
44,723.8,0,59,0.671,27.95,11.7,359,719.5,20,0,17.07,3.4,9,721.575,0,40.70833333,0.183375,21.96833333,6.929166667,223.5416667,2,2,9,1
64,721.5,0,69,0.666,25.5,13.8,358,717.5,37,0,13.48,1.1,12,719.5916667,0,51.25,0.180958333,19.71166667,6.758333333,161.4583333,2,3,10,1
33,721,0,78,0.648,24.58,12.6,334,716.8,45,0,13.11,1.7,8,717.975,0,58.20833333,0.176958333,18.71166667,6.4,150.0416667,2,4,11,0
0,727.5,0.19,96,0.208,16.81,12.5,357,721.6,81,0,9.66,3.9,1,725.0708333,0.044166667,91.45833333,0.026625,13.07416667,7.441666667,212.1666667,2,5,12,0
0,728.4,0.03,96,0.227,13.77,10.3,356,725.4,84,0,9.07,1.4,17,726.8666667,0.005,91.375,0.052875,11.625,4.179166667,172.1666667,2,6,13,0
71,726.7,0.01,96,0.551,15.28,8.7,358,723.9,88,0,11.87,1.1,1,725.1333333,0.001666667,92.75,0.150916667,13.63583333,3.579166667,135.75,2,7,14,1
93,723.7,0.02,96,0.307,19.3,8.2,355,718,81,0,14.02,1.1,4,720.4083333,0.001666667,91.29166667,0.066052632,16.08875,2.9875,159.8333333,2,1,15,1
66,721.5,0.07,94,0.895,29.69,15.6,360,714.6,35,0.072,10.08,0.9,0,717.3416667,0.00375,70.91666667,0.329117647,18.82041667,7.658333333,292.9166667,2,2,16,1
69,726.9,0,88,0.302,11.32,8.8,358,720.8,68,0,6.81,2.1,0,723.5125,0,79.875,0.083818182,8.517083333,6.2625,194.5833333,2,3,17,1
49,728,0.01,91,0.675,17.65,12.3,324,723.9,51,0,5.62,0.9,88,726.2375,0.000416667,70.04166667,0.186583333,11.77916667,6.954166667,156.3333333,2,4,18,1
47,727.4,0,88,0.662,19.82,14.8,337,721.1,57,0,7.29,1.2,1,724.2208333,0,71.91666667,0.179041667,13.70875,6.733333333,121.75,2,5,19,1
71,720.7,0,93,0.642,25.49,10.8,327,714.8,50,0,11.09,0.9,10,717.6791667,0,73.54166667,0.172833333,17.90291667,5.716666667,135.0416667,2,6,20,1
84,717.1,0,93,0.68,29.52,15.5,353,714.4,40,0,13.44,1.4,0,715.9458333,0,66.41666667,0.174166667,21.30291667,5.420833333,133.7083333,2,7,21,1
60,721.9,0,96,0.577,26.63,10.7,355,716.8,58,0,15.88,0.9,11,718.4208333,0,74.75,0.152291667,21.37416667,5.108333333,147,2,1,22,1
40,728.3,0.04,94,0.147,20.45,13.7,358,722.6,81,0,3.29,6.9,1,726.0458333,0.009583333,88.91666667,0.049238095,8.54375,9.604166667,290.3333333,2,2,23,0
48,726.5,0.02,94,0.149,5.59,10.7,358,716.5,88,0,2.6,3.6,0,722.5,0.001666667,92.41666667,0.03225,4.068333333,7.075,136.5416667,2,3,24,1
38,719.8,0,95,0.681,19.38,13.8,356,715,43,0,3.93,4,2,717.2333333,0,70.16666667,0.188375,11.4925,7.766666667,136.375,2,4,25,0
52,723.7,0,82,0.704,21.7,21.2,331,717.2,38,0,8.5,0.9,6,719.0583333,0,59.33333333,0.19175,15.16416667,9.054166667,153.9166667,2,5,26,1
28,724.6,0.08,96,0.124,9.06,17.6,357,722.3,87,0,3.98,5.4,1,723.5833333,0.017916667,94.70833333,0.031,7.070833333,8.891666667,100.5,2,6,27,0
53,724.5,0.02,96,0.42,12.25,7.4,357,721.7,76,0,3.57,3.2,2,723.1583333,0.004583333,91.41666667,0.080208333,7.117083333,5.083333333,170.75,2,7,28,1
70,725.1,0.01,96,0.214,12.85,7.6,284,722.3,87,0,7.95,1.2,0,723.3791667,0.000833333,92.45833333,0.0443,10.24375,3.766666667,88.29166667,3,1,1,1
35,726,0.02,96,0.064,11.86,8.7,345,721.9,92,0,9.99,3.6,3,723.7875,0.003333333,95.29166667,0.0096,10.93333333,5.766666667,85.95833333,3,2,2,0
60,721.2,0.01,96,0.663,22.13,9.2,356,713.8,69,0.014,10.01,1.1,13,717.3583333,0.000416667,86.625,0.307846154,15.88416667,3.8875,150.5416667,3,3,3,1
79,717.9,0,95,0.704,25.79,13.1,353,712.8,64,0,16.23,1.3,1,714.6833333,0,82,0.242588235,20.57625,5.191666667,203.7916667,3,4,4,1
21,732.4,0,86,0.508,18.15,19.8,359,719.1,63,0,5.32,7.5,0,728.1130435,0,74.04347826,0.119611111,8.468695652,12.10869565,232.0869565,3,5,5,0
42,732.7,0,73,0.351,9.38,11.1,358,729.3,50,0,5.99,3.7,0,730.8208333,0,61.29166667,0.073166667,7.5825,7.6875,159.5833333,3,6,6,1
54,729.5,0,73,0.645,13.57,10.2,345,725.4,48,0,5.98,3.6,37,727.525,0,60.54166667,0.131166667,9.858333333,6.433333333,110.375,3,7,7,1
67,726.4,0.05,94,0.317,16.04,7.1,358,719.6,68,0,10.73,2.3,17,722.4666667,0.004166667,77.5,0.085083333,12.70166667,4.658333333,118.375,3,1,8,1
57,718.8,0.43,96,0.455,22.19,12.2,321,715,64,0,11.3,2.2,5,717.1916667,0.03375,82.45833333,0.0816,16.86166667,6.4125,147.5833333,3,2,9,1
37,722.3,0.34,96,0.077,17.37,7.6,359,717.8,87,0,14.16,2.6,2,719.7916667,0.049166667,91.83333333,0.02325,15.76083333,5.425,161.5833333,3,3,10,0
41,724.5,0.16,95,0.38,18.88,7.7,353,721.1,68,0,13.16,1.8,5,723.1125,0.013333333,84.91666667,0.099375,15.32375,4.025,157.25,3,4,11,1
52,724,0,96,0.735,23.17,10.5,354,719.5,49,0,9.95,1.1,5,721.95,0,75.5,0.214,16.4175,5.316666667,179.7083333,3,5,12,1
47,721.9,0.06,87,0.267,17.85,5.1,355,719.3,71,0,14.52,0.9,0,720.5083333,0.0075,80.33333333,0.066666667,15.57666667,2.529166667,186.5,3,6,13,1
92,723.9,0.06,95,0.163,17.66,6.9,356,721,78,0,12.49,1,62,722.275,0.005416667,87.20833333,0.039708333,14.99333333,2.783333333,239.375,3,7,14,1
50,726,0.04,95,0.168,17.75,9.4,341,723.3,74,0,13.54,1.1,21,724.7791667,0.007083333,88,0.053041667,15.18,5.4375,134.5,3,1,15,1
60,725.9,0.04,96,0.226,16.7,7.8,303,722.6,78,0,12.94,1.2,52,724.3708333,0.002916667,88.66666667,0.047916667,14.92583333,4.216666667,129.9166667,3,2,16,1
59,723.9,0.25,96,0.592,20.25,10.2,356,720.3,76,0,14.37,1.5,12,721.9956522,0.027826087,93.13043478,0.0865,16.21,4.22173913,143.5217391,3,3,17,1
77,721,0.01,96,0.352,23.03,7.4,347,717.9,72,0.019,15.79,0.9,8,719.5041667,0.000416667,89.33333333,0.2451,18.545,3.6875,151.9583333,3,4,18,1
90,718.7,0,96,0.517,24.13,11,353,716.5,71,0,17.03,0.9,3,717.8791667,0,85.04166667,0.228647059,20.55791667,5.016666667,138.8333333,3,5,19,1
80,720.9,0.05,96,0.284,24.48,9.2,321,718.3,74,0,19.01,0.9,16,719.7625,0.00375,87.16666667,0.086416667,21.45458333,4.783333333,89.79166667,3,6,20,1
48,722,0.14,96,0.339,23.47,10.4,359,718.7,73,0,15.58,1.5,34,720.3708333,0.03625,89.70833333,0.07785,18.68208333,5.1875,197.375,3,7,21,1
53,721.9,0,96,0.75,29.35,14.8,356,718.7,41,0,17.53,0.9,36,720.4458333,0,78.375,0.205833333,22.21083333,6.079166667,149.75,3,1,22,1
73,722.3,0,93,0.744,28.63,15.1,281,718.9,44,0,17.16,0.9,17,720.7625,0,66.91666667,0.233958333,23.29208333,6.95,130.75,3,2,23,1
70,720.7,0,83,0.75,28.92,14.1,353,717,47,0,16.39,3.1,23,718.9333333,0,63.79166667,0.225625,22.5825,7.408333333,166.7916667,3,3,24,1
80,718.7,0,94,0.575,23.31,10.3,331,715.6,74,0,17.49,1.9,3,717.0416667,0,83.79166667,0.167708333,20.73625,6.925,129.8333333,3,4,25,1
64,724.8,0,88,0.704,22.65,18.4,360,716,53,0,16.4,2.7,1,720,0,71.70833333,0.134875,19.49833333,9.908333333,296.375,3,5,26,1
34,726.5,0,69,0.748,25.23,11.7,353,722.5,24,0,14.87,1.1,9,724.7625,0,43.875,0.228291667,19.88666667,5.908333333,121,3,6,27,0
66,724.2,0,64,0.765,27.29,13.7,351,720.2,38,0,12.88,2.8,20,722.5125,0,46.95833333,0.231583333,20.47833333,7.016666667,159.125,3,7,28,1
68,722.1,0,82,0.773,29.67,15.6,322,719.5,40,0,14.68,1.4,1,720.9375,0,60.20833333,0.236458333,22.81208333,7.45,121.125,3,1,29,1
55,722.5,0,90,0.771,29.62,15.9,354,719.6,42,0,16.18,1.8,4,721.0333333,0,69.75,0.234708333,22.79166667,8.3,142.5416667,3,2,30,1
72,720.9,0,94,0.345,24.3,8.9,128,717.9,65,0,18.74,4.2,12,719.375,0,80.25,0.092333333,21.4,6.466666667,84.5,3,3,31,1
68,718.4,0,95,0.641,26.04,14.5,352,715.7,67,0,18.92,1.2,15,717.0291667,0,79.45833333,0.18475,22.60125,7.704166667,127.125,4,4,1,1
96,718.9,0,96,0.733,30.72,14.4,349,715.9,49,0,18.5,3,16,717.4875,0,73.33333333,0.216208333,24.88375,8.041666667,156.75,4,5,2,1
84,721,0.01,95,0.747,30.52,11.6,312,716.8,59,0,20.69,2.2,7,718.125,0.000416667,78.375,0.182416667,25.04458333,5.958333333,75.08333333,4,6,3,1
41,725.4,0.12,96,0.132,24.04,14,360,720.8,87,0,13.82,4.4,1,723.0333333,0.02875,93.875,0.031583333,17.25041667,8.841666667,190.75,4,7,4,1
42,722.6,0.02,96,0.739,25.33,11.3,337,715.5,68,0,14.04,1.3,21,718.7791667,0.0025,85.83333333,0.1725,19.33541667,7.025,131.75,4,1,5,1
86,718.8,0.04,96,0.45,25.23,10.2,356,716.1,74,0,19.46,1,29,717.4875,0.001666667,87.875,0.09,21.90166667,5.120833333,99.16666667,4,2,6,1
74,719.5,0,96,0.566,26.38,12,121,717.4,68,0,18.87,1.8,26,718.3458333,0,84.25,0.113,22.48958333,5.591666667,84.91666667,4,3,7,1
93,718.4,0.04,96,0.52,26.61,10.5,123,714.9,69,0,18.99,1.3,8,717.1,0.0025,85.66666667,0.102083333,22.11083333,4.825,70.91666667,4,4,8,1
77,718.7,0.04,94,0.713,32.01,11.9,332,714.5,52,0,19.01,1.1,20,716.1458333,0.0025,73.45833333,0.210875,26.04291667,5.816666667,159.125,4,5,9,1
47,720.7,0.52,92,0.71,28.29,12.9,358,716.8,55,0,19.29,2.2,1,719.4375,0.039583333,74.29166667,0.175043478,24.41625,7.7,167.2083333,4,6,10,1
62,720.5,2.4,96,0.577,25.83,10.4,337,717,68,0,19.41,2.4,0,718.875,0.10625,87.83333333,0.15825,22.05041667,5.775,112.0416667,4,7,11,1
55,718.4,0.13,96,0.517,26.57,12,356,713.8,71,0,18.87,1.7,3,716.573913,0.012608696,88.39130435,0.139173913,21.51869565,5.77826087,136.6086957,4,1,12,1
61,719.2,0.01,96,0.702,27.97,10.5,293,716.3,64,0,16.91,1.8,57,718,0.000416667,81.29166667,0.210863636,22.74708333,6.158333333,109.9166667,4,2,13,1
47,722,0.11,92,0.463,22.25,12.4,356,718.5,66,0,18.29,2.5,1,720.2083333,0.004583333,82.91666667,0.108833333,20.45833333,7.2,110.0416667,4,3,14,1
66,720.2,0,94,0.479,22.57,12.9,354,717.1,75,0,17.71,2.7,19,718.7416667,0,85.875,0.127,20.04791667,7.158333333,94.5,4,4,15,1
81,717.6,0.11,95,0.719,27.75,11.4,354,714.8,63,0,18.67,0.9,7,716.3875,0.004583333,80.75,0.195958333,22.80333333,4.991666667,149,4,5,16,1
72,717.2,0,94,0.729,29.67,10.7,355,714,62,0,19.72,0.9,18,715.8875,0,80.83333333,0.171125,24.63791667,5.141666667,143.4166667,4,6,17,1
96,716.6,0,95,0.797,32.2,17.7,338,713.1,34,0,22.21,3.2,13,715.1416667,0,73.41666667,0.206083333,25.3825,9.091666667,119.4166667,4,7,18,1
56,716.6,0.7,94,0.062,30.48,12.8,346,714.2,49,0,19.09,0.9,6,715.1833333,0.029583333,79.04166667,0.023153846,23.70333333,6.166666667,180.2916667,4,1,19,1
46,719.8,0.07,93,0.163,22.43,11.2,359,715.9,77,0,16.33,0.9,8,717.8958333,0.00625,85.75,0.035291667,19.075,5.270833333,175.25,4,2,20,1
69,719.3,0,95,0.282,21.54,8.4,125,716.4,80,0,16.2,1.5,13,717.7833333,0,89,0.068875,18.7825,5.808333333,87.125,4,3,21,1
105,717.2,0.05,96,0.667,28.37,7.3,356,714.5,69,0,18.85,1.3,2,715.9958333,0.004583333,86.375,0.196944444,23.21083333,4.483333333,122.4166667,4,4,22,1
95,717.4,0.06,95,0.755,29.83,17.4,344,714,71,0,21.71,0.9,5,716.125,0.00375,84.08333333,0.252363636,25.54916667,7.095833333,115.625,4,5,23,1
89,716.4,0.36,94,0.767,31.8,13.2,335,712,58,0.026,21.17,2.4,18,714.5208333,0.015416667,80.58333333,0.286909091,25.70083333,6.004166667,109.125,4,6,24,1
66,715.2,0,91,0.761,32.64,17.2,360,712.9,42,0,22,2.2,0,714,0,73.75,0.228583333,27.01833333,8.316666667,160.7916667,4,7,25,1
89,713.8,0,89,0.816,34.87,14.7,337,708.5,30,0,22.53,1.9,100,711.1,0,60.125,0.237125,29.00541667,7.570833333,171,4,1,26,1
104,715.7,0,91,0.843,29.25,17.5,354,708.4,23,0,22.7,1.4,10,712.4291667,0,40.58333333,0.236041667,25.67541667,9.266666667,184.9583333,4,2,27,1
37,723.1,0,59,0.804,24.33,13.3,360,716.2,38,0,15.95,3.6,2,719.4958333,0,48.33333333,0.261583333,20.06166667,10.09166667,205.9583333,4,3,28,0
17,723.4,0,65,0.809,24.22,12.9,359,718.9,36,0,14.19,5.3,7,721.5333333,0,50.41666667,0.262625,18.74333333,8.545833333,206.6666667,4,4,29,0
41,720.8,0,70,0.816,24.3,12.2,357,718.6,39,0,14.93,2.5,9,719.8083333,0,54.91666667,0.239708333,19.985,7.3375,111.0833333,4,5,30,1
40,721.3,0,81,0.822,27.06,13.1,353,718.8,45,0,15.66,3.3,9,719.9916667,0,61.95833333,0.263041667,21.84375,7.758333333,103.375,5,6,1,0
41,721.3,0,93,0.784,25.17,13.9,120,717.9,63,0,16.64,3.3,15,719.775,0,78.58333333,0.189125,20.9475,8.8625,81.125,5,7,2,1
47,719.2,0,92,0.439,23.5,12.2,125,717,75,0,18.68,4.1,47,718.0666667,0,84,0.085666667,21.18583333,8.525,92.75,5,1,3,1
45,718.8,0.15,96,0.333,23.23,12.9,138,716.4,83,0,19.62,4.3,74,717.5916667,0.019166667,92.83333333,0.057833333,21.13291667,9.7875,96.625,5,2,4,1
61,717.8,0.05,96,0.771,26.42,14.2,107,714.9,73,0,19.86,4.8,44,716.3291667,0.0075,88.91666667,0.236944444,22.48,9.054166667,84.29166667,5,3,5,1
59,717,0,96,0.787,28.35,13.4,122,714.3,65,0,20.76,6.9,74,715.7125,0,85.70833333,0.300928571,23.91333333,9.754166667,102.25,5,4,6,1
129,716.7,0,95,0.781,30.8,16.1,123,713.8,61,0,22.34,4.2,55,715.0916667,0,80.5,0.228875,26.20708333,8.991666667,102,5,5,7,1
110,716.3,0.02,93,0.694,29.85,11,115,714.5,68,0,22.45,4.1,19,715.475,0.00125,82.625,0.136791667,25.77458333,6.104166667,79.625,5,6,8,1
53,715.3,0.11,94,0.783,33.01,15.8,358,711.7,53,0,20.05,3.1,9,713.8916667,0.00625,74.70833333,0.223875,26.24375,8.058333333,145.5833333,5,7,9,1
0,715.4,0,88,0.75,31.06,10.4,119,712.7,62,0,21.68,3.8,11,714.0083333,0,78.20833333,0.165,25.83791667,6.925,79,5,1,10,0
0,718.3,0,94,0.417,27.93,10.5,339,714.7,75,0,23.05,4.3,5,716.3666667,0,86,0.140375,25.23875,7.633333333,81.54166667,5,2,11,0
35,722.9,0.61,96,0.554,25.12,15.5,353,718.5,73,0.022,18.8,3.8,1,720.4708333,0.055833333,86.75,0.1602,22.17291667,10.73333333,94.04166667,5,3,12,0
48,721.1,0,95,0.794,27.78,14.2,113,717.8,66,0,21.45,1.9,30,719.5916667,0,84.08333333,0.229647059,23.74416667,8.279166667,94.79166667,5,4,13,1
47,720.5,0,94,0.699,28.98,13.2,120,717.1,60,0,21.51,3.4,59,718.95,0,80.04166667,0.174958333,24.79833333,7.9,92.875,5,5,14,1
44,718.5,0.03,94,0.777,30.34,14.8,314,715.2,53,0.003,21.9,1.5,18,717.1083333,0.001666667,78.25,0.301875,25.53666667,8.141666667,114.4166667,5,6,15,1
62,716.3,0,93,0.791,32.28,17.2,331,713.3,57,0,20.23,2.5,7,714.8,0,75.25,0.25775,26.77458333,8.975,143.75,5,7,16,1
77,719.4,0.05,93,0.771,32.83,13.2,343,715.1,59,0,23.75,2.1,16,717.0791667,0.002916667,81.08333333,0.248125,26.90291667,6.791666667,128.2916667,5,1,17,1
72,720.2,0.01,93,0.709,28.79,15.9,117,718.1,70,0,22.82,4.1,22,719.0583333,0.000416667,82.95833333,0.159208333,25.77125,9.995833333,100.3333333,5,2,18,1
64,719.1,0.04,96,0.692,29.07,13.6,129,715.5,70,0.003,22.59,9.1,91,717.4791667,0.0025,85.83333333,0.143666667,25.19791667,11.575,110.9166667,5,3,19,1
61,718.5,0.01,93,0.757,30.38,13.2,145,715.9,63,0,22.29,3.6,50,716.9375,0.000416667,79.875,0.19625,25.73583333,6.925,99.04166667,5,4,20,1
51,720.7,0.01,96,0.985,26.98,13.9,339,717.9,73,0.079,21.95,3.4,8,719.3625,0.00125,86.375,0.416,23.71583333,8.291666667,111.7083333,5,5,21,1
0,722.2,0.04,93,0.478,26.52,12.9,355,718.6,71,0.004,20.41,1.6,3,720.1458333,0.002083333,82.20833333,0.153923077,23.93708333,6.766666667,133.6666667,5,6,22,0
0,720.8,0.91,96,0.725,30.39,16.9,340,714.5,60,0,19.47,4.2,68,718.5458333,0.05875,82.08333333,0.237125,25.05708333,9.825,135.8333333,5,7,23,0
0,719.5,0.01,95,0.772,30.39,13.6,310,714.9,45,0,19,2.2,14,717.0375,0.000416667,75.58333333,0.241416667,24.65,7.754166667,147.375,5,1,24,0
0,716,0,94,0.8,31.69,13.8,349,714.1,60,0.001,22.07,3.7,6,715.1791667,0,77.83333333,0.252333333,26.96541667,8.958333333,101.4583333,5,2,25,0
0,718.7,0,94,0.771,28.9,13,119,715.8,72,0.007,23.41,4.9,62,717.4458333,0,85.58333333,0.17475,26.105,9.141666667,94.25,5,3,26,0
37,719.6,0,94,0.727,29.6,15.5,118,717.6,67,0,23.77,7.4,79,718.6375,0,81.79166667,0.167541667,26.31708333,11.56666667,104.4583333,5,4,27,0
60,720.2,0,92,0.682,30.2,12.9,131,716.9,62,0,22.88,4.9,49,718.4083333,0,80.29166667,0.150291667,25.97041667,9.295833333,104.1666667,5,5,28,1
48,720,0,92,0.719,29.06,14.6,113,716.8,67,0,22.22,4.1,65,718.3916667,0,81.91666667,0.2809375,25.22583333,10.3,99.20833333,5,6,29,1
41,721.9,0,94,0.753,29.96,20.8,358,717.9,59,0,21.11,3.9,1,719.45,0,78.875,0.168208333,24.53083333,8.529166667,101.0416667,5,7,30,1
36,722.4,0,87,0.715,28.2,12.4,358,720.1,55,0,19.2,2.4,2,721.4083333,0,73.95833333,0.186,23.48,6.933333333,150.125,5,1,31,0
32,721.6,0,94,0.835,29.18,12.7,355,719.7,52,0,19.6,3.8,9,720.6791667,0,70.41666667,0.237291667,25.21666667,7.970833333,153,6,2,1,0
35,720.6,0,93,0.809,30.33,13.7,335,717.5,53,0,20.15,1.3,4,719.1708333,0,72.66666667,0.247333333,25.63708333,8.2,88.45833333,6,3,2,0
45,718.2,0,94,0.806,31.23,13.5,126,715.6,51,0,21.42,3.1,0,717.1583333,0,74.625,0.278458333,26.09833333,8.375,77.33333333,6,4,3,1
39,719.2,0,91,0.784,30.52,15.3,117,716.7,56,0,22.43,3.2,41,717.7416667,0,74.875,0.231458333,26.04458333,10.08333333,93.20833333,6,5,4,0
37,719.7,0,92,0.585,29.58,14.5,123,717.6,61,0,22.04,5.4,85,718.8,0,77.04166667,0.172583333,25.6225,10.75,103.2916667,6,6,5,0
31,720.1,0,89,0.791,29.68,15.1,130,717.2,60,0,22.15,6.7,87,718.6958333,0,76.625,0.307791667,25.59458333,10.62083333,109.8333333,6,7,6,0
29,719.1,0,91,0.773,29.42,13.9,126,717,63,0,21.93,4.3,88,718.1125,0,76.08333333,0.254833333,25.59375,10.27083333,107.0416667,6,1,7,0
42,719.5,0,87,0.809,30.51,13.8,130,717.5,57,0,22.11,3.3,42,718.4833333,0,72.625,0.290375,26.1425,8.583333333,100.5416667,6,2,8,1
57,719.2,0,90,0.748,31.17,13.3,126,716.1,55,0,22.52,3.4,14,717.7826087,0,73.17391304,0.269652174,26.53478261,8.726086957,89.60869565,6,3,9,1
26,717.4,0,89,0.814,32.36,15,129,714,53,0,22.85,4,36,715.9375,0,71.41666667,0.232875,27.40083333,9.708333333,98.83333333,6,4,10,0
42,716,0,90,0.714,31.49,16.2,128,712.9,58,0,23.04,5.1,61,714.6791667,0,74.66666667,0.206583333,27.12125,9.4375,97.875,6,5,11,1
34,715.7,0,89,0.746,31.91,16.9,121,713,58,0,23.46,4,50,714.3083333,0,75,0.204666667,27.50666667,11.30833333,98.625,6,6,12,0
40,715.6,0,91,0.759,33.37,17.3,121,713.1,52,0,24.05,5,24,714.6083333,0,74.58333333,0.222416667,28.06333333,11.12916667,97.08333333,6,7,13,0
39,717.1,0,90,0.745,32.3,17.2,125,713.7,55,0,23.79,5,63,715.4416667,0,75.625,0.208541667,27.45958333,11.51666667,101.875,6,1,14,0
38,717.8,0,91,0.69,32.12,12.2,147,715.5,51,0,23.63,3.8,63,716.675,0,72.58333333,0.176875,27.44083333,8.3625,110.4166667,6,2,15,0
51,718,0,85,0.751,32.26,11.7,360,716.3,57,0,24.56,3.1,2,717.1625,0,71.75,0.168875,27.87958333,5.7,170.8333333,6,3,16,1
61,719.5,0.45,95,0.885,31.46,12.3,344,715.6,63,0,21.38,1,0,717.3166667,0.02125,77.58333333,0.221826087,26.45875,6.220833333,117.9166667,6,4,17,1
42,719.9,0.24,96,0.667,26.9,11.9,355,717.7,77,0,21.16,2.7,21,718.6541667,0.014166667,88.58333333,0.172846154,23.64916667,6.670833333,92.41666667,6,5,18,1
58,720.5,0.66,96,0.189,29.6,13.4,246,718.4,66,0.042,21.27,2.4,27,719.5333333,0.055833333,89.08333333,0.1064,23.59958333,6.125,105.2916667,6,6,19,1
0,720.2,0.01,96,0.904,30.12,13.2,348,717.9,63,0.007,22.25,3.7,8,719.0875,0.000416667,86.20833333,0.379555556,24.62625,7.716666667,115.25,6,7,20,0
0,720.7,0.02,95,0.415,28.83,16.1,353,717.7,70,0,21.51,2.4,41,718.9791667,0.001666667,86.79166667,0.1364375,24.41458333,8.333333333,107.75,6,1,21,0
68,721.2,0.03,95,0,25.88,13.4,126,719,83,0,21.42,3.9,28,719.9086957,0.003043478,89.52173913,0,23.36391304,7.160869565,95.69565217,6,2,22,1
59,722,0.07,96,0.755,29.51,16.9,121,719.5,67,0.019,21.14,5.6,67,720.6416667,0.004583333,85.70833333,0.2715,24.43833333,10.5875,103.3333333,6,3,23,1
49,723.1,0,94,0.75,29.86,18.6,123,720.7,58,0.003,22.4,4.6,42,721.6625,0,79.875,0.23375,25.22375,11.45833333,102.2083333,6,4,24,1
38,722.7,0,95,0.856,30.13,11.3,110,720.4,59,0.065,21.41,4.7,49,721.7066667,0,83.13333333,0.292666667,24.53133333,7.006666667,86.8,6,5,25,0
46,720.2,0,88,0.816,32.31,12.4,357,717.4,55,0,23.77,3.8,14,718.63125,0,65.375,0.3521875,29.141875,8.9,104.3125,6,6,26,1
54,720.5,0,91,0.829,30.06,12.4,341,718.2,65,0,22.81,3.5,4,719.3875,0,76.66666667,0.224458333,26.61916667,7.333333333,79.20833333,6,7,27,1
35,721.1,0,91,0.857,30.5,12.2,345,718.1,61,0,21.88,3.4,14,719.6833333,0,74.95833333,0.242,26.43541667,7.379166667,91.16666667,6,1,28,0
52,720.5,0,88,0.623,30.47,13.1,130,717.8,59,0,22.09,3.9,33,719.1458333,0,75.66666667,0.176916667,25.67,7.241666667,75.375,6,2,29,1
41,720.2,0,90,0.787,29.86,18.7,351,717.6,57,0,22.61,2.4,21,719.0583333,0,74.91666667,0.2415,25.6825,10.55416667,108.1666667,6,3,30,1
40,720.4000244,0.029999999,92,0.412999988,26.59000015,15.30000019,125,718.5,71,0,21.35000038,5,31,719.5916697,0.00125,81.91666667,0.10725,23.37375005,9.241666595,95.75,7,4,1,0
29,719.7000122,0.150000006,92,0.822000027,29.47999954,17.70000076,354,717.0999756,60,0,20.23999977,1.899999976,5,718.5999959,0.006666667,78.08333333,0.210958333,24.02624989,8.316666688,113.7916667,7,5,2,0
53,718.7000122,0,94,0.769999981,31.79999924,15,356,716.4000244,49,0,20.87999916,3.400000095,13,717.7208354,0,76.16666667,0.207791666,25.65458337,8.533333292,104.2916667,7,6,3,1
45,718.9000244,0,93,0.845000029,31.47999954,14.69999981,127,716.4000244,54,0,21.96999931,3.799999952,24,717.9333394,0,73.375,0.232458334,26.61708331,9.050000042,94.41666667,7,7,4,1
54,720.2000122,0,90,0.805999994,31.92000008,14.80000019,125,717.2000122,58,0,22.21999931,3.200000048,56,718.8166631,0,73.41666667,0.185708333,26.44375006,9.254166633,97.70833333,7,1,5,1
50,720.0999756,0,89,0.862999976,33.06000137,15.80000019,126,716.9000244,51,0,23.12000084,4,48,718.5374985,0,71.625,0.252958331,27.36208336,8.716666718,89.45833333,7,2,6,1
49,719.0999756,0,87,0.768000007,31.69000053,13.89999962,121,716.7000122,50,0,23.48999977,4.599999905,78,718.0666707,0,71.45833333,0.182125002,27.28208343,8.887500008,101.75,7,3,7,1
55,719.9000244,0,86,0.822000027,32.72999954,17,128,716.7999878,43,0,22.94000053,4.5,54,718.5000051,0,65.5,0.197125002,27.32916657,10.11666662,98.70833333,7,4,8,1
43,720.5999756,0,90,0.90200001,32.86000061,17.70000076,128,717.5999756,43,0,21.23999977,4.099999905,49,719.1791662,0,65.625,0.262291667,26.81500006,10.76666659,101.25,7,5,9,1
33,721.0999756,0,86,0.861999989,33.65000153,20,127,718.2999878,35,0,21.09000015,3.900000095,12,719.899999,0,65.16666667,0.269666664,27.15750003,11.46666662,92,7,6,10,0
30,722.5,0,89,0.907999992,33.15999985,17.39999962,124,719.9000244,40,0,21.82999992,5.099999905,66,721.3500061,0,67.75,0.252666668,27.13583326,11.64166669,106.3333333,7,7,11,0
51,722.5,0,92,0.898999989,33.84000015,15.39999962,126,719,38,0,21.79000092,3.799999952,35,720.9041646,0,64.70833333,0.261250001,27.82499997,9.425000032,91.125,7,1,12,1
57,719.9000244,0,90,0.870999992,34.33000183,14,125,716,35,0,23.27000046,4.199999809,44,718.1583328,0,64.95833333,0.263458336,28.63833364,8.333333313,88.58333333,7,2,13,1
51,717.7000122,0.01,92,0.890999973,34,13.39999962,358,715,42,0,22.89999962,3.5,3,716.4333318,0.000416667,67.54166667,0.264291661,28.34791684,7.741666595,88.45833333,7,3,14,1
46,717.9000244,0,89,0.887000024,32.97999954,14.30000019,125,716,48,0,22.29000092,4.5,32,716.9958344,0,69.33333333,0.265791669,27.63083323,8.820833365,89.20833333,7,4,15,1
50,718.7999878,0,89,0.870999992,33.25,16.60000038,129,716.2000122,44,0,23.46999931,4.5,17,717.7499949,0,70.33333333,0.25316667,27.90708319,9.712499996,92.29166667,7,5,16,1
57,719.0999756,0.01,89,0.871999979,34.58000183,15.60000038,134,715.5,43,0,23.44000053,4.699999809,23,717.5499954,0.000416667,67.41666667,0.240375,28.60875003,9.76666671,99.04166667,7,6,17,1
39,719.5999756,0,85,0.893000007,35.43000031,15,129,716.5999756,42,0,23.37000084,3.799999952,7,718.1916707,0,66.54166667,0.26725,28.77916678,9.987500062,100.7916667,7,7,18,0
48,720.0999756,0,84,0.869000018,34.20000076,13.80000019,130,717.2000122,50,0,23.54999924,3.599999905,39,718.6875051,0,68.41666667,0.242083339,28.34416668,8.262499968,87.58333333,7,1,19,1
44,719.2000122,0,90,0.879999995,34.47000122,14.89999962,129,716,42,0,23.61000061,3.799999952,7,717.8666687,0,66.20833333,0.265041668,28.98375018,8.841666629,81.875,7,2,20,1
53,717.9000244,0,89,0.882000029,34.43000031,15,121,714.2000122,41,0,23.47999954,4.599999905,2,716.4208425,0,66.25,0.255749999,28.96791665,8.929166655,90.54166667,7,3,21,1
16,717.7000122,0,87,0.861000001,34.72000122,14.60000038,128,714.7999878,44,0,23.80999947,4.599999905,53,716.4833323,0,66.83333333,0.230416669,28.79374997,9.100000004,98.79166667,7,4,22,0
0,719.2999878,0,86,0.871999979,35.11000061,15.89999962,131,716.2000122,44,0,23.97999954,4.400000095,44,717.9000015,0,67.20833333,0.257916667,29.13083339,9.791666567,97.20833333,7,5,23,0
0,720.2000122,0,86,0.859000027,35.5,14.89999962,121,717,43,0,24.70000076,4.199999809,57,718.7708359,0,67.58333333,0.258500003,29.65499997,8.945833325,93.75,7,6,24,0
0,719.5,0,87,0.879999995,36.61000061,12.89999962,129,715.7000122,40,0,24.75,3.099999905,7,717.8833338,0,63.58333333,0.246458337,30.8349998,7.429166645,84.70833333,7,7,25,0
0,717.7999878,0,88,0.888999999,37.34000015,15.89999962,340,714.7999878,33,0,25.01000023,2.599999905,18,716.6041718,0,61.66666667,0.276208329,31.2254169,8.404166599,102.875,7,1,26,0
38,717.4000244,0,89,0.890999973,36.29999924,14,345,714.5,35,0,24.43000031,2.5,20,716.3541718,0,64.95833333,0.275458333,30.33583299,9.054166734,111.375,7,2,27,0
48,718.4000244,0,86,0.878000021,36.49000168,13.69999981,138,715.5999756,32,0,24.22999954,4.400000095,18,717.225001,0,62.04166667,0.263166667,29.70124984,8.695833266,91,7,3,28,1
49,720.5999756,0,86,0.855000019,35.97000122,17,127,717.7000122,28,0,24.22999954,4.099999905,2,718.8833389,0,62.25,0.266333334,29.55125006,9.879166663,90.54166667,7,4,29,1
38,721.7999878,0,86,0.884000003,34.43000031,13.89999962,125,719,41,0,23.93000031,4,15,720.4124934,0,64.95833333,0.257291668,28.89000018,8.887499928,79.25,7,5,30,0
32,721,0,80,0.888999999,35.06999969,15,341,718.0999756,36,0,24.12000084,2.5,4,720.0625,0,57.91666667,0.256374998,29.60083334,7.51666673,78.58333333,7,6,31,0
37,720.0999756,0,72,0.876999974,34.75,13.89999962,118,717,39,0,24.79999924,1.5,11,718.6750005,0,56.20833333,0.255416664,29.87624979,7.670833329,70.5,8,7,1,0
33,718.7999878,0,83,0.888999999,35.11000061,15.30000019,327,715.5999756,29,0,23.54000092,3.299999952,5,717.3249969,0,57.375,0.282416664,29.4800001,8.154166708,134.875,8,1,2,0
34,717.5999756,0,84,0.899999976,35.54999924,13.30000019,360,715.0999756,37,0,24.12999916,3.400000095,17,716.5124944,0,59.83333333,0.262749997,30.08333302,8.087499996,116.7083333,8,2,3,0
88,718.5,0,84,0.864000022,35.95999908,16.39999962,134,715.7999878,32,0,24.34000015,4.099999905,21,717.3000005,0,61.70833333,0.261749999,30.01958323,9.254166623,88.75,8,3,4,1
68,719.5999756,0,84,0.867999971,35.90999985,15.69999981,134,715.9000244,39,0,24.45000076,3.700000048,59,717.9083328,0,64.625,0.265083333,29.84666673,9.104347861,93.20833333,8,4,5,1
59,718.5,0,86,0.852999985,36.93000031,14.69999981,133,714.4000244,35,0,24.51000023,3.700000048,35,716.8375015,0,63.04166667,0.261541664,30.26875003,8.866666655,87.58333333,8,5,6,1
48,717.7000122,0,84,0.875999987,36.68000031,16.29999924,105,714,35,0,23.92000008,3.599999905,17,716.2541631,0,63.75,0.280499998,29.88541651,9.345833321,74.70833333,8,6,7,1
57,717.7999878,0,86,0.862999976,36.75,16.39999962,110,714.5999756,37,0,24.87999916,4,47,716.4625041,0,64.16666667,0.267833335,30.20041672,8.991666655,72.20833333,8,7,8,1
57,718.2999878,0,82,0.873000026,36.29000092,18.60000038,359,715.4000244,36,0,24.17000008,3.5,27,717.2208379,0,63.79166667,0.276375002,29.81999993,9.229166706,100.375,8,1,9,1
36,718.4000244,0,86,0.871999979,36.25,17.10000038,348,715.7000122,34,0,25.37999916,3.400000095,26,717.4375025,0,63.375,0.270375001,30.48124973,9.741666605,98.45833333,8,2,10,0
40,721,0,86,0.870999992,34.45000076,15.5,293,718.0999756,37,0,24.20000076,3.5,18,719.3166707,0,61.375,0.262375,29.53583344,8.799999932,81.95833333,8,3,11,0
0,722.0999756,0,86,0.888999999,35.15000153,19.70000076,340,719.0999756,36,0,23.97999954,2.799999952,6,720.7874959,0,62.66666667,0.264708333,29.14500022,7.758333385,77.91666667,8,4,12,0
11,721.0999756,0,75,0.893000007,36.18999863,12,344,718.2000122,30,0,24.63999939,2.299999952,0,719.9739168,0,52.13043478,0.255958336,30.54043471,6.704166621,146,8,5,13,0
33,720.5,0,72,0.825999975,36.31000137,17.70000076,348,717.5,32,0,25.21999931,1.600000024,2,719.1608674,0,50.25,0.239750001,31.22958358,7.683333392,114.7916667,8,6,14,0
65,720.4000244,0.02,82,0.819999993,35.36000061,13.39999962,136,717.2000122,33,0,24.71999931,3.799999952,3,719.100001,0.000833333,58.79166667,0.232291668,29.67791677,7.279166639,70.66666667,8,7,15,1
30,719.5,0,85,0.889999986,35.25,12.5,353,716.4000244,35,0,23.31999969,2.799999952,6,718.3499959,0,61.20833333,0.259041665,28.93500002,6.92173907,149.5833333,8,1,16,0
42,719,0,82,0.934000015,34.99000168,13.5,341,715.4000244,35,0,22.98999977,3,16,717.6166712,0,56.875,0.264625001,29.26041675,7.491666645,141.4166667,8,2,17,1
42,717.9000244,0,85,0.861000001,35.29999924,12.89999962,352,712.7999878,37,0,23.05999947,3.700000048,13,715.5458399,0,60.75,0.24870833,29.0920833,7.720833311,91.41666667,8,3,18,1
63,715.7000122,0.419999987,85,0.792999983,37.56999969,15,349,712.0999756,34,0,22.45999908,1.899999976,6,714.4374949,0.034166666,66.70833333,0.21429167,27.74208331,6.920833334,142.2083333,8,4,19,1
0,718.9000244,1.450000048,96,0.759000003,32.33000183,13.69999981,356,715.5,54,0,20.92000008,1.799999952,4,717.2500025,0.061250002,74.66666667,0.175750001,25.81041678,5.399999966,176.4583333,8,5,20,0
79,719.2000122,0,93,0.867999971,32.22000122,13.30000019,334,716.0999756,52,0,21.17000008,1.799999952,14,717.6652142,0,73.45833333,0.268958332,26.45583344,6.800000052,169.0416667,8,6,21,1
62,718.7000122,0,92,0.865999997,33.88000107,14.19999981,125,715.4000244,49,0,23.42000008,2.799999952,16,717.3375066,0,71.41666667,0.206708332,28.00458344,8.116666665,72.16666667,8,7,22,1
80,721,0,89,0.866999984,35.36999893,18.20000076,343,716.7000122,37,0,23.38999939,3.400000095,23,718.4833349,0,66.79166667,0.256750002,28.8191665,10.05416673,97.41666667,8,1,23,1
106,721.5,0.360000014,88,0.822000027,34.88999939,15.30000019,349,718.7000122,39,0,23.47999954,3.099999905,8,720.2916641,0.015000001,69.29166667,0.271375004,28.14624993,9.20416674,105.5,8,2,24,1
53,721.5999756,0,92,0.833000004,34.15000153,12.39999962,115,718.7000122,45,0,23.59000015,2.200000048,33,720.4749985,0,70.375,0.251666669,28.25624998,7.574999899,67.04166667,8,3,25,1
54,722.4000244,0,87,0.879000008,33.90999985,13,355,719.7000122,41,0,23.34000015,2.799999952,8,721.1458333,0,65.70833333,0.264458334,28.53416665,8.413043572,101.3333333,8,4,26,1
46,722.4000244,0,88,0.878000021,33.93999863,16.79999924,355,718.9000244,33,0,23.29000092,3.400000095,1,720.7750015,0,58.66666667,0.266333335,28.6983335,8.070833306,94.58333333,8,5,27,1
49,720.7999878,0,83,0.901000023,33.97000122,15,347,717.7000122,25,0,21.70999908,3.299999952,5,719.4565164,0,52.73913043,0.295043479,27.98869564,8.217391284,129.1304348,8,6,28,1
88,720.7999878,0,86,0.887000024,33.63000107,14.80000019,354,717.7999878,29,0,21.29999924,1.600000024,10,719.5250041,0,59.70833333,0.270833334,27.58791661,7.599999969,62.75,8,7,29,1
57,720.2999878,0,90,0.846000016,33.84999847,17,350,717.0999756,39,0,22.84000015,3.5,17,718.8863553,0,66.22727273,0.255863637,28.00318163,8.559090929,79.23809524,8,1,30,1
63,720.2999878,0,89,0.853999972,33.54000092,16,351,717,42,0,21.94000053,3.299999952,10,718.6789422,0,70.36842105,0.331210524,26.86421063,6.910526326,115.5454545,8,2,31,1
48,720,0,92,0.856999993,30.56999969,12.5,357,717.7000122,57,0,21.04000092,4.199999809,31,718.9500046,0,74.33333333,0.309857143,25.87958336,8.237499992,161.875,9,3,1,1
0,721.4000244,0,82,0,33.5,12.69999981,348,718.4000244,35,0,22.39999962,2.799999952,6,720.0208384,0,55.08333333,0,28.35666664,7.300000002,139.8333333,10,5,1,0
39,719.5999756,0,63,0,33.47000122,12.30000019,343,716,34,0,22.55999947,2.400000095,6,718.1249924,0,48.75,0,28.0820833,7.495833377,166.75,10,6,2,0
52,716.9000244,0,87,0,30.34000015,15,119,713.5999756,50,0,20.68000031,3.599999905,73,715.5708288,0,67.95833333,0,25.60458334,10.14166665,97.125,10,7,3,1
23,719,0.029999999,94,0,27.35000038,11.60000038,293,715.9000244,66,0,19.79999924,2.599999905,4,717.6125031,0.001666667,80.54166667,0,23.41666635,6.14166671,103.2916667,10,1,4,0
0,721.4000244,0.02,92,0,26.45999908,12.19999981,358,718.7000122,68,0,20.37999916,0.899999976,41,720.0583369,0.000833333,78.5,0,23.67333341,5.245833332,152.0833333,10,2,5,0
0,723.4000244,0.039999999,93,0,27.38999939,8.899999619,223,720.0999756,57,0,20.62000084,1,66,721.3583323,0.002083333,74.75,0,24.65666668,5.324999948,113.625,10,3,6,0
48,721.2999878,0.01,90,0,28.64999962,13.69999981,355,718.7000122,60,0,20.88999939,2.299999952,6,719.7416662,0.000416667,75.45833333,0,24.86041665,8.133333325,113.4166667,10,4,7,1
25,720,0.01,92,0,26.52000046,12.39999962,112,717.5,71,0,21.06999969,3.299999952,70,718.6916656,0.000416667,82.83333333,0,23.53041681,8.56250005,95.08333333,10,5,8,0
0,723.9000244,0.109999999,92,0,26.87000084,12.10000038,358,718.0999756,69,0,20.31999969,2.099999905,52,721.325002,0.009166667,84.125,0,22.8366669,5.791666687,184.3333333,10,6,9,0
0,725,0,89,0.596000016,29.67000008,9.5,358,721.0999756,54,0,21.37000084,1.700000048,34,723.1000036,0,72.79166667,0.151208334,25.12458316,5.399999996,192.8333333,10,7,10,0
36,722,0,82,0.769999981,31.81999969,10,338,717.2000122,44,0,20.53000069,1,34,719.5583344,0,63.66666667,0.216208332,26.59750009,5.149999976,149.9583333,10,1,11,0
54,717.4000244,0,87,0.735000014,38.52000046,10.69999981,325,714,24,0,21.31999969,1.399999976,6,716.1208344,0,57,0.210041669,29.7325,4.412499989,140,10,2,12,1
63,720.7000122,0,82,0.704999983,35.63000107,18.5,360,716.7999878,35,0,23.43000031,1.799999952,7,718.7608696,0,59.91666667,0.189958331,28.9220837,6.229166662,200.4166667,10,3,13,1
66,722,0,84,0.763999999,32.81000137,12.19999981,320,719.2999878,36,0,22.90999985,0.899999976,29,720.5250041,0,61.45833333,0.213583335,27.71083355,7.308695648,130.125,10,4,14,1
45,722,0,91,0.723999977,31.48999977,13.19999981,344,718.7999878,43,0,21.11000061,3.5,4,720.5291646,0,67.79166667,0.205749998,25.97250017,8.229166667,117.4583333,10,5,15,1
35,724.2000122,0.479999989,89,0.69599998,29.52000046,14.39999962,359,720.5999756,50,0,20.45999908,3,4,722.0833359,0.02,73.125,0.177624998,24.31249992,7.449999988,92.33333333,10,6,16,0
45,725.4000244,0.029999999,95,0.702000022,27.56999969,16.10000038,176,722.5999756,50,0,19.73999977,3,6,724.0291723,0.001666667,76.625,0.180375002,22.9104166,7.016666671,72.20833333,10,7,17,1
44,726.4000244,0.01,88,0.749000013,26.93000031,15.30000019,119,723.2999878,53,0,18.55999947,3,16,724.7125041,0.000416667,73.70833333,0.14,22.55041671,9.116666645,84,10,1,18,1
0,725,0,86,0.505999982,25.77000046,14.69999981,137,721.4000244,59,0,19.47999954,4.699999809,54,723.1958415,0,73.33333333,0.118291666,22.5308334,9.012499968,93.54166667,10,2,19,0
0,721.9000244,0,91,0.726999998,27.37000084,14.60000038,117,718.5,57,0,19.52000046,4.5,71,720.2916692,0,75.375,0.168333332,22.85958346,10.11666669,95.20833333,10,3,20,0
49,720.7000122,0,89,0.745999992,29.68000031,17.5,350,717.0999756,55,0,18.56999969,1,1,718.8695652,0,75.25,0.195041664,23.8120834,10.07499999,110.25,10,4,21,1
60,718.2999878,0.02,96,0.504000008,30.01000023,14,112,715.7999878,63,0,21.70000076,3.599999905,24,717.0624975,0.00125,81.41666667,0.094636363,25.3254168,9.404166589,85.66666667,10,5,22,1
56,716.7000122,0.939999998,94,0.280000001,26.97999954,13,117,714.4000244,77,0,23.13999939,5.099999905,69,715.6291682,0.039166667,87.33333333,0.087631578,24.8641665,8.20416673,95.91666667,10,6,23,1
28,720.2000122,0.100000001,96,0.104000002,23.5,13.60000038,358,714.7999878,75,0,18.65999985,1.700000048,226,716.700002,0.02375,88.91666667,0.045555556,20.89208341,6.354166597,307.7916667,10,7,24,0
0,722.4000244,0,78,0.771000028,26.56999969,15,352,719.4000244,47,0,18.67000008,6.800000191,283,720.6833293,0,60.79166667,0.255846154,22.11583336,11.14999994,313.125,10,1,25,0
31,722.2000122,0,49,0.768000007,27.36000061,9.399999619,360,717.9000244,31,0,16.38999939,3.299999952,21,720.1875051,0,41.08333333,0.209791665,21.59833328,6.60833328,203.0833333,10,2,26,0
64,719.5,0,72,0.726999998,29.57999992,8.899999619,325,715.4000244,34,0,15.81000042,1.5,23,717.7125015,0,53.95833333,0.197166666,22.79833329,4.187499955,134.6666667,10,3,27,1
67,718.2000122,0,74,0.74000001,34.27000046,9.100000381,352,715.2000122,24,0,18.29000092,1.399999976,5,716.9375025,0,48.16666667,0.19908333,26.08958324,4.80416667,222.0416667,10,4,28,1
56,717.4000244,0,80,0.654999971,29.04999924,12.19999981,360,713.5,42,0,19.95999908,2,30,715.4083328,0,52.04166667,0.174916667,25.04333329,6.9208333,166.4583333,10,5,29,1
108,714.9000244,0.039999999,96,0,27.26000023,7.800000191,358,710.2000122,68,0,21.06999969,0.899999976,22,712.5000025,0.004166667,87.91666667,0,23.01708341,4.17916668,119.4583333,10,6,30,1
0,720.9000244,0,89,0.75,28.96999931,13.89999962,343,717.9000244,26,0,15.75,1.399999976,6,719.4666672,0,58.58333333,0.202416666,22.39250008,6.254166673,206.7916667,11,1,1,0
0,720.7999878,0,78,0.741999984,29.34000015,9.699999809,332,717.4000244,30,0,16.26000023,0.899999976,42,719.1374944,0,53.04166667,0.198333332,23.10291664,4.859090859,156,11,2,2,0
54,719.5999756,0,88,0.529999971,26.56999969,12.80000019,354,717.0999756,60,0,18.13999939,2.400000095,3,718.3124975,0,73.08333333,0.159727271,22.35624989,6.100000034,100.5,11,3,3,1
50,719.9000244,0,93,0.582000017,28.62999916,10.10000038,355,717.2000122,63,0,20.22999954,2.299999952,9,718.600001,0,80.83333333,0.149176471,23.76458319,6.125000079,114.9583333,11,4,4,1
59,719.4000244,0,95,0.395000011,29.57999992,10.80000019,351,717,64,0,22.05999947,3.900000095,31,718.4541677,0,82.33333333,0.148000001,25.2074999,6.587499976,105.1666667,11,5,5,1
81,720.7000122,0.01,96,0.465000004,27.37999916,11.19999981,119,718.0999756,66,0,21.96999931,3,29,719.3583298,0.000416667,82.54166667,0.133266666,24.23083329,6.762500028,84.75,11,6,6,1
38,724.4000244,0.25,96,0.158000007,21.67000008,16,359,719,82,0,15.02000046,2.299999952,39,720.9625015,0.018333333,90.08333333,0.070600001,19.2545834,7.837500036,291.5833333,11,7,7,0
50,723.7000122,0.01,96,0.009,19.21999931,8.800000191,115,721.0999756,78,0,14.15999985,3.700000048,83,722.3125,0.000833333,89.54166667,0.001285714,16.54458336,6.525000006,97.70833333,11,2,9,1
21,721.7999878,0,94,0.426999986,23.75,6.400000095,358,718.5999756,72,0,16.39999962,0.899999976,4,720.2083359,0,86.20833333,0.105599999,19.46541659,2.887500003,109.2916667,11,3,10,0
0,719.2000122,0,94,0.531000018,31.02000046,9.800000191,353,714.7000122,54,0,18.59000015,1,2,716.9333369,0,77.04166667,0.081000001,24.65208324,3.941666668,155.5416667,11,4,11,0
0,724.5999756,0,86,0.152999997,22.76000023,12.39999962,350,719.5999756,19,0,18.80999947,5.199999809,27,722.75,0,42.20833333,0.030307692,21.55916667,8.591666559,269.25,11,5,12,0
0,726.2000122,0.02,95,0.184,18.15999985,10.69999981,351,723.5999756,47,0,13.61999989,2,8,724.8291677,0.0025,68.91666667,0.042916667,16.15125,4.745833278,185.5833333,11,6,13,0
0,726.7999878,0.059999999,96,0.172999993,16.37999916,7.599999905,360,724,96,0,13.81999969,3.900000095,3,725.1958288,0.02125,96,0.025583333,15.0920833,5.221739106,106.875,11,7,14,0
0,719.5999756,0.02,94,0.075999998,25.10000038,9.399999619,335,712.2000122,76,0,18.47999954,1,15,715.887502,0.001666667,82.84615385,0.01175,21.45583328,4.166666667,139.6666667,11,2,16,0
0,716,0,96,0.601999998,24.37999916,13.89999962,355,709.7999878,45,0,16.62999916,1.299999952,3,712.1833318,0,74.16666667,0.14972727,20.80083323,5.395833333,218.5,11,3,17,0
0,718.5999756,0,85,0.629999995,23.70000076,12.10000038,334,715.4000244,34,0,13.46000004,0.899999976,1,716.9833323,0,60.08333333,0.300999999,18.35708336,5.470833307,148.8695652,11,4,18,0
0,722.5,0,85,0.628000021,25.42000008,11.69999981,352,718.2999878,56,0,13.46000004,2.599999905,65,720.4791692,0,65.75,0.173727272,19.52375011,6.158333341,195.25,11,5,19,0
0,722.0999756,0,96,0.280999988,22.07999992,8.100000381,187,717.5999756,80,0,17.94000053,1.5,32,719.7749964,0,87.41666667,0.04725,19.94083341,4.958333388,97.625,11,6,20,0
0,726.9000244,0,91,0.504000008,23.37000084,16.29999924,357,717.2999878,40,0,14.35999966,1,1,721.1583379,0,72.66666667,0.123578948,18.88208334,8.745833317,221.6666667,11,7,21,0
0,727.2000122,0,45,0.635999978,18.30999947,13.39999962,358,723.5999756,36,0,9.670000076,4.199999809,0,725.6374995,0,40.83333333,0.168260867,13.38166674,8.208333294,187.7083333,11,1,22,0
0,726.2000122,0,76,0.638000011,18.40999985,12.69999981,353,722.7999878,37,0,7.800000191,2.299999952,6,724.4916636,0,52.20833333,0.161416668,13.70374999,7.362499982,110.9583333,11,2,23,0
0,723.0999756,0,88,0.615999997,22.64999962,10.80000019,357,719.2999878,58,0,11.56000042,0.899999976,15,721.2124964,0,72.625,0.154083333,17.52708324,6.162500029,146.2083333,11,3,24,0
54,720.7999878,0,93,0.368999988,23.88999939,13.89999962,351,718.4000244,68,0,16.30999947,1.399999976,6,719.5695642,0,81.34782609,0.084478261,20.17217379,6.221739106,107,11,4,25,1
0,721,0,93,0.512000024,26.42000008,13.19999981,130,718.5,65,0,19.43000031,4.699999809,91,719.7909102,0,79.68181818,0.105363638,22.75727272,9.095454563,107.8181818,11,5,26,0
0,720.9000244,0,93,0.184,22.11000061,10.60000038,354,719,87,0,20.37000084,1,13,720.0208333,0,90,0.035125,21.27875018,5.224999969,100.9583333,11,6,27,0
0,724.0999756,0.07,96,0.108999997,20.75,9.800000191,358,720.0999756,95,0,8.680000305,2.400000095,16,722.174998,0.013333333,95.64705882,0.026625,11.72416663,7.108333349,301.8333333,11,7,28,0
52,723.7999878,0.01,96,0.261999995,13.21000004,7.699999809,360,720.2999878,84,0,8.220000267,2.299999952,9,722.037501,0.00125,92.57142857,0.047375,9.967083335,5.18749998,180.375,11,1,29,1
36,720.7999878,0,96,0.331999987,16.15999985,6.199999809,355,718.5999756,76,0,9.43999958,1.5,19,719.8541641,0,88.10526316,0.073249998,12.3912499,3.621739102,93.58333333,11,2,30,0
0,720.5,0,94,0.639999986,18.10000038,8.600000381,347,718,70,0,12.56999969,2.299999952,5,719.4375025,0,87.5,0.150181818,14.26916671,4.545833349,94.91666667,12,3,1,0
0,726.2999878,0,90,0.317999989,16.90999985,8.600000381,353,719.7999878,60,0,12.89000034,1.600000024,0,723.1499964,0,74.58333333,0.102874999,14.57249999,4.712500026,233.875,12,4,2,0
0,728.5999756,0,84,0.617999971,19.92000008,11.19999981,335,725.7999878,38,0,9.680000305,1,10,727.1124929,0,59.95833333,0.153333332,14.89749992,5.50833331,154.4782609,12,5,3,0
0,729.5999756,0,79,0.620000005,18.12000084,13.10000038,114,727,45,0,7.519999981,1.700000048,9,728.2208277,0,58.04166667,0.156416666,13.48291665,7.108333339,86.54166667,12,6,4,0
0,728.4000244,0,80,0,12.01000023,3.299999952,347,727.5999756,64,0,8.619999886,0.899999976,2,727.8714164,0,74.14285714,0,10.10571425,2.228571381,206.4285714,12,7,5,0
45,726.7000122,0,84,0.560000002,20.17000008,9.300000191,148,723.5999756,63,0,14.14999962,0.899999976,97,724.4769193,0,71.15384615,0.177692309,17.83230774,5.907692377,124.1538462,12,2,7,1
0,723.5,0,91,0.479999989,22.87999916,6.800000191,359,718.7999878,56,0,11.21000004,0.899999976,27,720.9666672,0,76.45833333,0.116374999,16.78875005,3.91875001,150.6086957,12,3,8,0
0,721.0999756,0,89,0.592999995,29.63999939,12.10000038,333,717.4000244,24,0,13.11999989,1,9,719.2208303,0,58.16666667,0.146708334,21.07166664,4.241666704,189.625,12,4,9,0
64,718.9000244,0,72,0.611000001,32.61000061,7.599999905,299,715,17,0,14.85000038,0.899999976,119,717.162501,0,45.375,0.150291667,23.03666667,3.295652172,206.2083333,12,5,10,1
0,716.4000244,0,83,0.495999992,29.60000038,8.800000191,355,713.2000122,23,0,16.36000061,1.799999952,28,714.8666687,0,49.20833333,0.109791666,22.20250018,4.129166678,157.8333333,12,6,11,0
0,716,0,89,0.232999995,24.44000053,8.100000381,337,711.5999756,61,0,18.82999992,1,5,713.4458288,0,82.45833333,0.048666667,20.71458316,4.029166664,142.75,12,7,12,0
31,716.5,0,93,0.606000006,26.89999962,19.70000076,343,710.5,7,0,14.17000008,1.5,6,713.3291702,0,54.25,0.135958334,20.57833322,8.570833385,238.4166667,12,1,13,0
0,717.0999756,0,81,0.614000022,26.76000023,11.19999981,234,712.9000244,23,0,12.21000004,1,5,715.1875,0,48.04166667,0.153791669,19.58875016,5.254166628,122.125,12,2,14,0
0,714.0999756,0,92,0.632000029,33.02000046,7.900000095,359,709.7999878,5,0,13.27000046,1.799999952,47,711.9499969,0,49.95833333,0.156875003,22.71083339,4.087499976,227.1666667,12,3,15,0
40,719.4000244,0,70,0.603999972,21.84000015,15.60000038,354,713.7000122,22,0,13.86999989,4.199999809,2,716.7041677,0,35.25,0.1485,17.67083323,8.358333309,259.25,12,4,16,0
82,724.0999756,0,41,0.588,20.92000008,7.099999905,342,719.5,22,0,11.32999992,1.299999952,4,721.0416641,0,30,0.128124999,15.93541662,4.191666663,191.5,12,5,17,1
91,728.5999756,0,56,0.583999991,17.37999916,12.5,351,724.4000244,30,0,10.15999985,1.100000024,5,726.8083344,0,41.66666667,0.137833334,13.73499997,7.104166607,159.9166667,12,6,18,1
71,728.5999756,0,76,0.565999985,20.28000069,14.30000019,346,724.7999878,48,0,8.140000343,2.299999952,2,726.7416611,0,62.91666667,0.138416666,14.25916664,7.983333389,115.0833333,12,7,19,1
45,725.7999878,0,86,0.356000006,19.07999992,9.5,360,719.5,65,0,11.73999977,2,4,722.2791621,0,75.79166667,0.058875001,15.35708344,3.370833317,215.9166667,12,1,20,1
120,721,0,79,0.218999997,27.63999939,12.89999962,352,718,35,0,16.12999916,1.899999976,69,719.0708313,0,66.04166667,0.042416666,19.9224999,4.11666664,223.625,12,2,21,1
100,718.0999756,0,85,0.411000013,26.20999908,7.199999809,353,710.2000122,49,0,16.5,1.700000048,2,713.8708318,0,72.95833333,0.104541668,20.16083344,3.633333345,193.625,12,3,22,1
94,712.5999756,0,84,0.566999972,33.75999832,14.5,338,709,6,0,15.90999985,1.899999976,61,710.6833293,0,40.625,0.146791663,23.97000003,5.787499999,165.8333333,12,4,23,1
104,718,0,54,0.575999975,33.38999939,13.10000038,304,712.5999756,10,0,17.5,1.299999952,96,714.4541601,0,35.875,0.149916665,24.70624995,5.666666687,171.8333333,12,5,24,1
215,718.9000244,0,80,0.56400001,27.89999962,9.699999809,359,715.0999756,39,0,16.77000046,1.5,20,716.9708328,0,55.95833333,0.141833334,22.67333333,4.691666663,156.5416667,12,6,25,1
118,715.2000122,0,95,0.331,26.38999939,11.89999962,351,708.5999756,64,0,19.04999924,1.5,1,711.9916636,0,79.45833333,0.095041666,22.68458327,4.370833298,144.3333333,12,7,26,1
72,717.9000244,0,95,0.442999989,20.52000046,26.39999962,350,707.5999756,27,0,12.05000019,3.200000048,273,711.4565191,0,60.33333333,0.109750001,15.85124997,14.06250001,314,12,1,27,1
60,720.0999756,0,55,0.609000027,18.98999977,20.70000076,307,716.5,22,0,8.489999771,4.699999809,79,718.1956416,0,34.41666667,0.153041666,13.03208331,10.21666668,165.7916667,12,2,28,1
70,719.7999878,0,69,0.578999996,16.42000008,8.5,360,715.7999878,44,0,8.300000191,1.600000024,1,717.9416656,0,56.91666667,0.110291667,11.96416668,5.166666682,124.875,12,3,29,1
57,724.7999878,0,79,0.367000014,19.75,10.80000019,354,720.2000122,49,0,12.14999962,2.099999905,1,722.7708308,0,64.20833333,0.071000001,14.89874999,7.445833315,206.5416667,12,4,30,1
101,726.5,0.02,95,0.108000003,13.38000011,10.30000019,359,722.9000244,82,0,9.529999733,4,2,724.287501,0.0025,91.65217391,0.021708333,11.68208333,6.25000004,104.7916667,12,5,31,1
